0	AUTO	0	Range of Brynmar	布林玛山脉
1	AUTO	0	West Istravel	西伊斯特拉维尔
2	AUTO	0	North Kelmora	北凯尔莫拉
3	AUTO	0	River Shore of Solmara	索尔玛拉长河海岸
4	AUTO	0	The Covenant Forest	盟誓林海
5	AUTO	0	WindSanctuary	风息圣域
6	AUTO	0	Solmara and the Raven Groves	索尔玛拉与鸦羽圣林
7	AUTO	0	Pearl Crownlands	珍珠王畿
8	AUTO	0	Jorvask High March	约瓦斯克高地边境
9	AUTO	0	Stormmere Headwaters	风暴泽源流
10	AUTO	0	Veil of Norvayne	诺瓦恩帷幕
11	AUTO	0	Glacial Gate of Dawnrun	晨奔河冰川关门
12	AUTO	0	Tallow Estuary	脂烛河入海口
13	AUTO	0	Darsenne Low March	达森恩低地边境
14	AUTO	0	Gilded Tallow Basin	鎏金脂烛河盆地
15	AUTO	0	Citadel of Stormmere	风暴泽城塞
16	AUTO	0	Southern Gate of Elden	古流河南境关门
17	AUTO	0	East Arvendale	东阿文戴尔
18	AUTO	0	North Avaron	北阿瓦隆
19	AUTO	0	RoseReach	蔷薇远境
20	AUTO	0	North Jorvask	北约瓦斯克
21	AUTO	0	Harbor of Faelmark	费尔马克港湾
22	AUTO	0	Anvil of Avaron	阿瓦隆铁砧
23	AUTO	0	Silver Crownlands	银辉王畿
24	AUTO	0	Dragon Shore of Umbriel	安布瑞尔龙脊海岸
25	AUTO	0	Mireholt Tallow Crossing	米尔霍特脂烛河渡口
26	AUTO	0	Maerwyn's Lakes	梅尔温湖区
27	AUTO	0	Wyrmholt's Headwaters	维姆霍特源流
28	AUTO	0	The Verdant Downs	苍翠丘原
29	AUTO	0	Umbriel and the Crimson Cliffs	安布瑞尔与绯红断崖
30	AUTO	0	Crystal Shore	水晶岸地
31	AUTO	0	Westermere Headwaters	西泽源流
32	AUTO	0	Hearth Estuary	炉火河入海口
33	AUTO	0	Pyrandel's Downs	派兰德尔丘原
34	AUTO	0	Spire of Zephyrion	泽菲里昂尖塔
35	AUTO	0	Barrens of Faelmark	费尔马克荒土
36	AUTO	0	Upper Yarrow	蓍草河上游
37	AUTO	0	Barrens of Avaron	阿瓦隆荒土
38	AUTO	0	Vaeloria Zephyr Crossing	瓦洛里亚西风河渡口
39	AUTO	0	WesternReach	西境远境
40	AUTO	0	Hidden Crownlands	隐秘王畿
41	AUTO	0	Eastern Fields of Zephyr	西风河东境原野
42	AUTO	0	Misty Harbor March	雾隐港湾边境
43	AUTO	0	Upper Umber	赭影河上游
44	AUTO	0	Lower Oath	誓言河下游
45	AUTO	0	Arvendale Greywash Crossing	阿文戴尔灰浪河渡口
46	AUTO	0	Harborlands of the Deep Crown	深境王冠港境
47	AUTO	0	East Quenovar	东昆诺瓦
48	AUTO	0	Salt Zephyr Basin	盐风西风河盆地
49	AUTO	0	Causeway of the Ember Monolith	烬火方尖碑堤道
50	AUTO	0	The Sun Wastes	日耀荒漠
51	AUTO	0	Istravel and the Jade Fen	伊斯特拉维尔与苍玉沼泽
52	AUTO	0	Dragon Crownlands	龙脊王畿
53	AUTO	0	Upper Queensflow	王后河上游
54	AUTO	0	Veyr Estuary	维尔河入海口
55	AUTO	0	Goldwyn's Hold	戈德温堡域
56	AUTO	0	Lower Greywash	灰浪河下游
57	AUTO	0	Verdant Crownlands	苍翠王畿
58	AUTO	0	Wastes of the Dusken Gate	暮色城门荒漠
59	AUTO	0	Lowlands of the Eastern Road	东境古道低地
60	AUTO	0	The Red Fjord	赤红峡湾
61	AUTO	0	Citadel of Lorenthe	洛伦瑟城塞
62	AUTO	0	Orvayne Terraces	奥瓦恩梯原
63	AUTO	0	South Orrenth	南奥伦斯
64	AUTO	0	White Pass of Lunareth	露娜瑞斯白石关隘
65	AUTO	0	White Gate of Silverrun	银奔河白石关门
66	AUTO	0	Pearl Gate of Lark	云雀河珍珠关门
67	AUTO	0	Steppe of Orvayne	奥瓦恩草原
68	AUTO	0	Beacon of Arvendale	阿文戴尔烽塔
69	AUTO	0	Halvyr Groves	哈尔维尔圣林
70	AUTO	0	Bronze Gate of Yarrow	蓍草河青铜关门
71	AUTO	0	Cedar Hearth March	雪松炉心边境
72	AUTO	0	Southern Fields of Aster	星河南境原野
73	AUTO	0	Kestrel Riverlands	隼河河境
74	AUTO	0	The Silver Fields	银辉原野
75	AUTO	0	Banner of Darsenne	达森恩战旗
76	AUTO	0	The Thorn Range	棘刺山脉
77	AUTO	0	East Stormmere	东风暴泽
78	AUTO	0	Thornwell and the Rose Barrens	棘井与蔷薇荒土
79	AUTO	0	Lower Icerill	冰溪下游
80	AUTO	0	SunWatch	日耀哨境
81	AUTO	0	Istravel Aster Crossing	伊斯特拉维尔星河渡口
82	AUTO	0	Ivory Harborlands	象牙港境
83	AUTO	0	Silver Isles of Kaeroth	凯洛斯银辉诸岛
84	AUTO	0	The Sanctum Shore	圣所岸地
85	AUTO	0	Orrenth and the Copper Foothills	奥伦斯与赤铜山麓
86	AUTO	0	Moss Pass of Nighthold	夜堡苔绿关隘
87	AUTO	0	Rimewatch Terraces	霜望梯原
88	AUTO	0	Caelwyn Jadeflow Crossing	凯尔温玉流河渡口
89	AUTO	0	Eastern Fields of Veyr	维尔河东境原野
90	AUTO	0	The Hearth Fen	炉心沼泽
91	AUTO	0	IronCliffs	铁铸断崖
92	AUTO	0	Lower Jadeflow	玉流河下游
93	AUTO	0	Ebon Springs	乌曜泉乡
94	AUTO	0	Hidden Veil March	隐秘帷幕边境
95	AUTO	0	Lorenthe Cliffs	洛伦瑟断崖
96	AUTO	0	Far Gate of Brindle	斑纹河远境关门
97	AUTO	0	Wolfrun Estuary	狼奔河入海口
98	AUTO	0	Hollow Fields of Greywash	灰浪河幽谷原野
99	AUTO	0	The Sanctum Downs	圣所丘原
100	AUTO	0	Nighthold Shore	夜堡岸地
101	AUTO	0	The Covenant Vale	盟誓谷地
102	AUTO	0	Azure Shore of Arvendale	阿文戴尔苍蓝海岸
103	AUTO	0	Pendral Headwaters	彭德拉尔源流
104	AUTO	0	Strait of the Shadow Cinder	幽影余烬海峡
105	AUTO	0	Istravel Ridge	伊斯特拉维尔山脊
106	AUTO	0	Maerwyn Headwaters	梅尔温源流
107	AUTO	0	Garden of Harrowmere	哈洛泽庭园
108	AUTO	0	The Emerald Cliffs	翡翠断崖
109	AUTO	0	NightPlateau	夜幕高原
110	AUTO	0	The Ashen Highlands	灰烬高地
111	AUTO	0	Stone Shore of Solmara	索尔玛拉石岩海岸
112	AUTO	0	Northwater Estuary	北水河入海口
113	AUTO	0	Sunken Pass of Pendral	彭德拉尔沉没关隘
114	AUTO	0	Valewick Coastlands	谷镇滨海地
115	AUTO	0	Duskara Brindle Crossing	暮迦拉斑纹河渡口
116	AUTO	0	Lower Dawnrun	晨奔河下游
117	AUTO	0	Blue Crownlands	碧蓝王畿
118	AUTO	0	Darsenne High March	达森恩高地边境
119	AUTO	0	Pearl Road March	珍珠古道边境
120	AUTO	0	Thornwell and the Broken Labyrinth	棘井与残垣迷原
121	AUTO	0	North Frostmere	北霜泽
122	AUTO	0	Ivory Gate March	象牙城门边境
123	AUTO	0	WindOasis	风息绿洲
124	AUTO	0	EasternLowlands	东境低地
125	AUTO	0	Orrenth Low March	奥伦斯低地边境
126	AUTO	0	Oath Riverlands	誓言河河境
127	AUTO	0	Thorn Lowlands	棘刺低地
128	AUTO	0	Caelwyn High March	凯尔温高地边境
129	AUTO	0	Ysilren Moor	伊希伦荒原
130	AUTO	0	Hollow Foothills	幽谷山麓
131	AUTO	0	Lion Crownlands	狮心王畿
132	AUTO	0	Moss Shore of Valewick	谷镇苔绿海岸
133	AUTO	0	Glacial Shore of Maerwyn	梅尔温冰川海岸
134	AUTO	0	Veil of Halvyr	哈尔维尔帷幕
135	AUTO	0	The Oracle March	神谕边疆
136	AUTO	0	Caelwyn Coast	凯尔温海岸
137	AUTO	0	Caelwyn Redwater Crossing	凯尔温赤水河渡口
138	AUTO	0	Elden Riverlands	古流河河境
139	AUTO	0	Lunareth Downs	露娜瑞斯丘原
140	AUTO	0	Umbriel Low March	安布瑞尔低地边境
141	AUTO	0	Lower Zephyr	西风河下游
142	AUTO	0	Anvil of Eryndor	艾林多铁砧
143	AUTO	0	East Gryndor	东格林多
144	AUTO	0	Grey Hollow	灰岩幽谷
145	AUTO	0	East Umbriel	东安布瑞尔
146	AUTO	0	Valewick's Moor	谷镇荒原
147	AUTO	0	Ivory Crown March	象牙王冠边境
148	AUTO	0	Caelwyn's Estuary	凯尔温入海口
149	AUTO	0	Gilded Anvil March	鎏金铁砧边境
150	AUTO	0	South Zareth	南扎瑞斯
151	AUTO	0	Misty Gate of Lark	云雀河雾隐关门
152	AUTO	0	Southern Pass of Eryndor	艾林多南境关隘
153	AUTO	0	Crimson Fields of Northwater	北水河绯红原野
154	AUTO	0	Ebon Pass of Nighthold	夜堡乌曜关隘
155	AUTO	0	Blue Isles of Quenovar	昆诺瓦碧蓝诸岛
156	AUTO	0	FarGate	远境关门
157	AUTO	0	Goldwyn and the Western Vale	戈德温与西境谷地
158	AUTO	0	Bright Shore of Pyrandel	派兰德尔明光海岸
159	AUTO	0	Ironmere High March	铁泽高地边境
160	AUTO	0	East Lorenthe	东洛伦瑟
161	AUTO	0	Copper Icerill Basin	赤铜冰溪盆地
162	AUTO	0	Bright Crownlands	明光王畿
163	AUTO	0	Sunken Pass of Solmara	索尔玛拉沉没关隘
164	AUTO	0	Ravaryn Headwaters	拉瓦林源流
165	AUTO	0	Sable Pinewash Basin	玄貂松浪河盆地
166	AUTO	0	Shadow Zephyr Basin	幽影西风河盆地
167	AUTO	0	Storm Crownlands	风暴王畿
168	AUTO	0	Dawn Range	晨曦山脉
169	AUTO	0	Azure Fields of Queensflow	王后河苍蓝原野
170	AUTO	0	Duskara Low March	暮迦拉低地边境
171	AUTO	0	Silverrun Estuary	银奔河入海口
172	AUTO	0	Gryndor Silverrun Crossing	格林多银奔河渡口
173	AUTO	0	Maerwyn's Lowlands	梅尔温低地
174	AUTO	0	Fjord of Avaron	阿瓦隆峡湾
175	AUTO	0	The Ivory Badlands	象牙恶地
176	AUTO	0	Orrenth and the Dusken Sanctuary	奥伦斯与暮色圣域
177	AUTO	0	West Nighthold	西夜堡
178	AUTO	0	South Faelmark	南费尔马克
179	AUTO	0	Eryndor Cairn Crossing	艾林多石冢河渡口
180	AUTO	0	Dusken Pass of Wyrmholt	维姆霍特暮色关隘
181	AUTO	0	Sable Shore of Lorenthe	洛伦瑟玄貂海岸
182	AUTO	0	Vaeloria Low March	瓦洛里亚低地边境
183	AUTO	0	Dawn Isles of Valewick	谷镇晨曦诸岛
184	AUTO	0	Broken Shore of Solmara	索尔玛拉残垣海岸
185	AUTO	0	Sun Monolith March	日耀方尖碑边境
186	AUTO	0	Valewick Aster Crossing	谷镇星河渡口
187	AUTO	0	Verdant Shore of Zareth	扎瑞斯苍翠海岸
188	AUTO	0	Faelmark Headwaters	费尔马克源流
189	AUTO	0	Thornwell Wolfrun Crossing	棘井狼奔河渡口
190	AUTO	0	The Spear Isles	长矛诸岛
191	AUTO	0	Thorn Shore of Gryndor	格林多棘刺海岸
192	AUTO	0	Emerald Pass of Stormmere	风暴泽翡翠关隘
193	AUTO	0	Thornwell Coastlands	棘井滨海地
194	AUTO	0	Spire of Maerwyn	梅尔温尖塔
195	AUTO	0	Icerill Riverlands	冰溪河境
196	AUTO	0	BronzeForest	青铜林海
197	AUTO	0	Ashen Shore of Orvayne	奥瓦恩灰烬海岸
198	AUTO	0	Icerill Estuary	冰溪入海口
199	AUTO	0	Alder Gate	桤木关门
200	AUTO	0	Silent Garden March	寂静庭园边境
201	AUTO	0	Harrowmere Lowlands	哈洛泽低地
202	AUTO	0	Kestrel Estuary	隼河入海口
203	AUTO	0	Sacred Isles of Kaeroth	凯洛斯圣辉诸岛
204	AUTO	0	Northwater Riverlands	北水河河境
205	AUTO	0	Gilded Estuary	鎏金入海口
206	AUTO	0	Lorenthe and the Crimson Gate	洛伦瑟与绯红关门
207	AUTO	0	Upper Fallow	休耕河上游
208	AUTO	0	South Ironmere	南铁泽
209	AUTO	0	Pyrandel Coastlands	派兰德尔滨海地
210	AUTO	0	Reach of the Dragon Covenant	龙脊盟誓远境
211	AUTO	0	Valewick Cape	谷镇海岬
212	AUTO	0	Copper Sanctum March	赤铜圣所边境
213	AUTO	0	Sapphire Redwater Basin	蓝晶赤水河盆地
214	AUTO	0	Jadeflow Estuary	玉流河入海口
215	AUTO	0	Lunareth's Highlands	露娜瑞斯高地
216	AUTO	0	Strait of the Dawn Crown	晨曦王冠海峡
217	AUTO	0	Frost Isles of Kelmora	凯尔莫拉霜雪诸岛
218	AUTO	0	Meadows of the Salt Throne	盐风王座牧野
219	AUTO	0	Norvayne Yarrow Crossing	诺瓦恩蓍草河渡口
220	AUTO	0	East Avaron	东阿瓦隆
221	AUTO	0	Ebon Fields of Lark	云雀河乌曜原野
222	AUTO	0	Eryndor and the Thorn Headwaters	艾林多与棘刺源流
223	AUTO	0	The Crown Fjord	王冠峡湾
224	AUTO	0	The Citadel Badlands	城塞恶地
225	AUTO	0	Obsidian Wastes	黑曜荒漠
226	AUTO	0	Harrowmere Jadeflow Crossing	哈洛泽玉流河渡口
227	AUTO	0	South Ravaryn	南拉瓦林
228	AUTO	0	Gilded Isles of Faelmark	费尔马克鎏金诸岛
229	AUTO	0	Lorenthe Coastlands	洛伦瑟滨海地
230	AUTO	0	Eldovar Headwaters	艾多瓦源流
231	AUTO	0	Foothills of Thornwell	棘井山麓
232	AUTO	0	Pendral Zephyr Crossing	彭德拉尔西风河渡口
233	AUTO	0	Red Shore of Zephyrion	泽菲里昂赤红海岸
234	AUTO	0	Night Pass of Halvyr	哈尔维尔夜幕关隘
235	AUTO	0	Gryndor Headwaters	格林多源流
236	AUTO	0	West Ironmere	西铁泽
237	AUTO	0	Pyrandel Low March	派兰德尔低地边境
238	AUTO	0	East Goldwyn	东戈德温
239	AUTO	0	Northern Shore of Orvayne	奥瓦恩北境海岸
240	AUTO	0	Zareth Oath Crossing	扎瑞斯誓言河渡口
241	AUTO	0	Moonless Isles of Jorvask	约瓦斯克无月诸岛
242	AUTO	0	The Verdant Headwaters	苍翠源流
243	AUTO	0	WhiteBarrens	白石荒土
244	AUTO	0	Verdant Fields of Tallow	脂烛河苍翠原野
245	AUTO	0	Wind Pass of Eryndor	艾林多风息关隘
246	AUTO	0	The Garden Crownlands	庭园王畿
247	AUTO	0	Brynmar and the Hollow Groves	布林玛与幽谷圣林
248	AUTO	0	Hollow Isles of Maerwyn	梅尔温幽谷诸岛
249	AUTO	0	Istravel Coastlands	伊斯特拉维尔滨海地
250	AUTO	0	Sanctuary of the Silver Throne	银辉王座圣域
251	AUTO	0	Downs of Darsenne	达森恩丘原
252	AUTO	0	Lower Wolfrun	狼奔河下游
253	AUTO	0	Umbriel Jadeflow Crossing	安布瑞尔玉流河渡口
254	AUTO	0	Wolf Banner March	狼牙战旗边境
255	AUTO	0	Stone Gate of Silverrun	银奔河石岩关门
256	AUTO	0	Ebon Greywash Basin	乌曜灰浪河盆地
257	AUTO	0	CedarWatch	雪松哨境
258	AUTO	0	CedarLakes	雪松湖区
259	AUTO	0	Shadow Isles of Ironmere	铁泽幽影诸岛
260	AUTO	0	Cinder of Umbriel	安布瑞尔余烬
261	AUTO	0	Wind Gate of Icerill	冰溪风息关门
262	AUTO	0	South Pyrandel	南派兰德尔
263	AUTO	0	Dusken Oath Basin	暮色誓言河盆地
264	AUTO	0	Zephyr Riverlands	西风河河境
265	AUTO	0	Bronze Veil March	青铜帷幕边境
266	AUTO	0	Azure Fields of Wolfrun	狼奔河苍蓝原野
267	AUTO	0	Pearl Shore of Brynmar	布林玛珍珠海岸
268	AUTO	0	Azure Crownlands	苍蓝王畿
269	AUTO	0	Copper Shore of Harrowmere	哈洛泽赤铜海岸
270	AUTO	0	Zareth Coastlands	扎瑞斯滨海地
271	AUTO	0	East Duskara	东暮迦拉
272	AUTO	0	Lower Moonrun	月奔河下游
273	AUTO	0	Lark Riverlands	云雀河河境
274	AUTO	0	Yarrow Estuary	蓍草河入海口
275	AUTO	0	Goldwyn High March	戈德温高地边境
276	AUTO	0	Mireholt Low March	米尔霍特低地边境
277	AUTO	0	Kaeroth High March	凯洛斯高地边境
278	AUTO	0	Ysilren's Harborlands	伊希伦港境
279	AUTO	0	Dragon Fields of Veyr	维尔河龙脊原野
280	AUTO	0	Kaeroth Wolfrun Crossing	凯洛斯狼奔河渡口
281	AUTO	0	Verdant Harbor March	苍翠港湾边境
282	AUTO	0	Grey Beacon March	灰岩烽塔边境
283	AUTO	0	Coast of the Grey Cairn	灰岩石冢海岸
284	AUTO	0	Lion Veyr Basin	狮心维尔河盆地
285	AUTO	0	Ravaryn High March	拉瓦林高地边境
286	AUTO	0	Solmara Kestrel Crossing	索尔玛拉隼河渡口
287	AUTO	0	Kelmora High March	凯尔莫拉高地边境
288	AUTO	0	Ashen Gate of Yarrow	蓍草河灰烬关门
289	AUTO	0	Quenovar Coastlands	昆诺瓦滨海地
290	AUTO	0	Night Oracle March	夜幕神谕边境
291	AUTO	0	Western Isles of Thornwell	棘井西境诸岛
292	AUTO	0	Stone Isles of Harrowmere	哈洛泽石岩诸岛
293	AUTO	0	South Istravel	南伊斯特拉维尔
294	AUTO	0	High Pass of Rimewatch	霜望高原关隘
295	AUTO	0	Sacred Umber Basin	圣辉赭影河盆地
296	AUTO	0	Istravel Shore	伊斯特拉维尔岸地
297	AUTO	0	Steppe of Nighthold	夜堡草原
298	AUTO	0	North Nighthold	北夜堡
299	AUTO	0	Eastern Gate of Yarrow	蓍草河东境关门
300	AUTO	0	River Crownlands	长河王畿
301	AUTO	0	North Eldovar	北艾多瓦
302	AUTO	0	Glacial Crownlands	冰川王畿
303	AUTO	0	The Hidden Forest	隐秘林海
304	AUTO	0	Cairn Estuary	石冢河入海口
305	AUTO	0	DeepMeadows	深境牧野
306	AUTO	0	Goldwyn Low March	戈德温低地边境
307	AUTO	0	Lower Umber	赭影河下游
308	AUTO	0	Eryndor Brindle Crossing	艾林多斑纹河渡口
309	AUTO	0	Lantern of Solmara	索尔玛拉灯塔
310	AUTO	0	North Darsenne	北达森恩
311	AUTO	0	Verdant Isles of Zareth	扎瑞斯苍翠诸岛
312	AUTO	0	Orrenth High March	奥伦斯高地边境
313	AUTO	0	Wind Fields of Dawnrun	晨奔河风息原野
314	AUTO	0	South Kaeroth	南凯洛斯
315	AUTO	0	Green Crownlands	青野王畿
316	AUTO	0	Western Fen	西境沼泽
317	AUTO	0	South Norvayne	南诺瓦恩
318	AUTO	0	Umbriel's Groves	安布瑞尔圣林
319	AUTO	0	Mireholt Zephyr Crossing	米尔霍特西风河渡口
320	AUTO	0	Barrens of the Stone Veil	石岩帷幕荒土
321	AUTO	0	Frostmere and the Red Lakes	霜泽与赤红湖区
322	AUTO	0	Thornwell High March	棘井高地边境
323	AUTO	0	White Gate of Brindle	斑纹河白石关门
324	AUTO	0	West Eryndor	西艾林多
325	AUTO	0	Dusken Crown March	暮色王冠边境
326	AUTO	0	Moss Kestrel Basin	苔绿隼河盆地
327	AUTO	0	Kelmora's Badlands	凯尔莫拉恶地
328	AUTO	0	Stormmere Icerill Crossing	风暴泽冰溪渡口
329	AUTO	0	Lunareth Low March	露娜瑞斯低地边境
330	AUTO	0	Wind Isles of Eryndor	艾林多风息诸岛
331	AUTO	0	Ravaryn Wolfrun Crossing	拉瓦林狼奔河渡口
332	AUTO	0	Azure Throne March	苍蓝王座边境
333	AUTO	0	Strait of Faelmark	费尔马克海峡
334	AUTO	0	West Kaeroth	西凯洛斯
335	AUTO	0	Frostmere High March	霜泽高地边境
336	AUTO	0	South Thalvorn	南塔尔沃恩
337	AUTO	0	Zephyrion Cape	泽菲里昂海岬
338	AUTO	0	Star Gate of Aster	星河星辰关门
339	AUTO	0	Silver Fields of Cairn	石冢河银辉原野
340	AUTO	0	South Pendral	南彭德拉尔
341	AUTO	0	Elder Basin	古老盆地
342	AUTO	0	Orvayne Coastlands	奥瓦恩滨海地
343	AUTO	0	Lower Silverrun	银奔河下游
344	AUTO	0	Upper Oath	誓言河上游
345	AUTO	0	Raven Fallow Basin	鸦羽休耕河盆地
346	AUTO	0	Thalvorn Coastlands	塔尔沃恩滨海地
347	AUTO	0	Golden Gate of Moonrun	月奔河金辉关门
348	AUTO	0	Lower Veyr	维尔河下游
349	AUTO	0	Ebon Crownlands	乌曜王畿
350	AUTO	0	Pearl Moonrun Basin	珍珠月奔河盆地
351	AUTO	0	Ember Pass of Kaeroth	凯洛斯烬火关隘
352	AUTO	0	Upper Redwater	赤水河上游
353	AUTO	0	DeepHollow	深境幽谷
354	AUTO	0	Lorenthe Fells	洛伦瑟峭原
355	AUTO	0	The Cedar Crossing	雪松渡口
356	AUTO	0	Halvyr Low March	哈尔维尔低地边境
357	AUTO	0	North Gryndor	北格林多
358	AUTO	0	Glacial Coast	冰川海岸
359	AUTO	0	Dusken Shore of Lorenthe	洛伦瑟暮色海岸
360	AUTO	0	Lorenthe High March	洛伦瑟高地边境
361	AUTO	0	Halvyr's March	哈尔维尔边疆
362	AUTO	0	Gryndor's Badlands	格林多恶地
363	AUTO	0	Pearl Groves	珍珠圣林
364	AUTO	0	PearlHollow	珍珠幽谷
365	AUTO	0	Dusken Isles of Orvayne	奥瓦恩暮色诸岛
366	AUTO	0	Thornwell Yarrow Crossing	棘井蓍草河渡口
367	AUTO	0	Lower Tallow	脂烛河下游
368	AUTO	0	Solmara's Fjord	索尔玛拉峡湾
369	AUTO	0	Riverlands of Ironmere	铁泽河境
370	AUTO	0	The Cinder Fjord	余烬峡湾
371	AUTO	0	Ironmere Low March	铁泽低地边境
372	AUTO	0	Lakes of the Moon Cairn	月辉石冢湖区
373	AUTO	0	Pendral Coastlands	彭德拉尔滨海地
374	AUTO	0	Black Pass of Kaeroth	凯洛斯黑关隘
375	AUTO	0	Barrens of the Star Harbor	星辰港湾荒土
376	AUTO	0	Snow Crownlands	雪原王畿
377	AUTO	0	South Valewick	南谷镇
378	AUTO	0	South Ysilren	南伊希伦
379	AUTO	0	River Pass of Kaeroth	凯洛斯长河关隘
380	AUTO	0	Watch of the Green Forge	青野熔炉哨境
381	AUTO	0	Harborlands of Halvyr	哈尔维尔港境
382	AUTO	0	Valewick Low March	谷镇低地边境
383	AUTO	0	Obsidian Throne March	黑曜王座边境
384	AUTO	0	Zareth and the Moon Delta	扎瑞斯与月辉河口
385	AUTO	0	Eldovar and the Night Meadows	艾多瓦与夜幕牧野
386	AUTO	0	Springs of the Deep Gate	深境城门泉乡
387	AUTO	0	Gryndor Coastlands	格林多滨海地
388	AUTO	0	Lark Estuary	云雀河入海口
389	AUTO	0	Deep Pass of Maerwyn	梅尔温深境关隘
390	AUTO	0	Brynmar Low March	布林玛低地边境
391	AUTO	0	Cindral Headwaters	辛德拉尔源流
392	AUTO	0	Jade Harbor March	苍玉港湾边境
393	AUTO	0	Strait of Jorvask	约瓦斯克海峡
394	AUTO	0	Obsidian Isles of Rimewatch	霜望黑曜诸岛
395	AUTO	0	Solmara and the Silver Foothills	索尔玛拉与银辉山麓
396	AUTO	0	Shadow Cliffs	幽影断崖
397	AUTO	0	Fields of the Burning Spire	燃火尖塔原野
398	AUTO	0	Downs of Mireholt	米尔霍特丘原
399	AUTO	0	Badlands of the Western Lantern	西境灯塔恶地
400	AUTO	0	Cairn of Westermere	西泽石冢
401	AUTO	0	Moss Fields of Brindle	斑纹河苔绿原野
402	AUTO	0	Duskara Coastlands	暮迦拉滨海地
403	AUTO	0	Moon Fields of Pinewash	松浪河月辉原野
404	AUTO	0	Steppe of the Frost Cinder	霜雪余烬草原
405	AUTO	0	Norvayne Headwaters	诺瓦恩源流
406	AUTO	0	Star Gate of Moonrun	月奔河星辰关门
407	AUTO	0	Stormmere High March	风暴泽高地边境
408	AUTO	0	Moonrun Estuary	月奔河入海口
409	AUTO	0	Azure Fields of Fallow	休耕河苍蓝原野
410	AUTO	0	Lower Elden	古流河下游
411	AUTO	0	Redwater Estuary	赤水河入海口
412	AUTO	0	Ashen Gate of Greywash	灰浪河灰烬关门
413	AUTO	0	Wind Lowlands	风息低地
414	AUTO	0	Fjord of the Raven Cinder	鸦羽余烬峡湾
415	AUTO	0	Coast of Duskara	暮迦拉海岸
416	AUTO	0	North Eryndor	北艾林多
417	AUTO	0	Brynmar and the Burning Lakes	布林玛与燃火湖区
418	AUTO	0	Shore of the Moss Anvil	苔绿铁砧岸地
419	AUTO	0	Bright Isles of Umbriel	安布瑞尔明光诸岛
420	AUTO	0	Crown of Cindral	辛德拉尔王冠
421	AUTO	0	Salt Shore of Lunareth	露娜瑞斯盐风海岸
422	AUTO	0	Istravel Headwaters	伊斯特拉维尔源流
423	AUTO	0	Badlands of Nighthold	夜堡恶地
424	AUTO	0	Sanctum of Norvayne	诺瓦恩圣所
425	AUTO	0	Jade Fields of Moonrun	月奔河苍玉原野
426	AUTO	0	The Veil Isles	帷幕诸岛
427	AUTO	0	Wind Crownlands	风息王畿
428	AUTO	0	Lorenthe's Cape	洛伦瑟海岬
429	AUTO	0	Oasis of Zareth	扎瑞斯绿洲
430	AUTO	0	Stormmere Low March	风暴泽低地边境
431	AUTO	0	Terraces of Kelmora	凯尔莫拉梯原
432	AUTO	0	Wind Harbor March	风息港湾边境
433	AUTO	0	Jade Crownlands	苍玉王畿
434	AUTO	0	Avaron Icerill Crossing	阿瓦隆冰溪渡口
435	AUTO	0	Causeway of the Rose Crown	蔷薇王冠堤道
436	AUTO	0	Kaeroth Headwaters	凯洛斯源流
437	AUTO	0	Upper Zephyr	西风河上游
438	AUTO	0	Rose Isles of Orvayne	奥瓦恩蔷薇诸岛
439	AUTO	0	Orvayne Dawnrun Crossing	奥瓦恩晨奔河渡口
440	AUTO	0	Night Pass of Vaeloria	瓦洛里亚夜幕关隘
441	AUTO	0	Cinder of Westermere	西泽余烬
442	AUTO	0	South Quenovar	南昆诺瓦
443	AUTO	0	Darsenne Coastlands	达森恩滨海地
444	AUTO	0	Sable Gate of Aster	星河玄貂关门
445	AUTO	0	Kelmora Low March	凯尔莫拉低地边境
446	AUTO	0	Rimewatch Headwaters	霜望源流
447	AUTO	0	East Pyrandel	东派兰德尔
448	AUTO	0	Veil of Pyrandel	派兰德尔帷幕
449	AUTO	0	Burning Isles of Arvendale	阿文戴尔燃火诸岛
450	AUTO	0	Sacred Fields of Jadeflow	玉流河圣辉原野
451	AUTO	0	Dawnrun Estuary	晨奔河入海口
452	AUTO	0	Brindle Riverlands	斑纹河河境
453	AUTO	0	North Solmara	北索尔玛拉
454	AUTO	0	MoonlessCrossing	无月渡口
455	AUTO	0	The Silent Badlands	寂静恶地
456	AUTO	0	The Silver Fells	银辉峭原
457	AUTO	0	Red Fallow Basin	赤红休耕河盆地
458	AUTO	0	Groves of Frostmere	霜泽圣林
459	AUTO	0	South Westermere	南西泽
460	AUTO	0	Harborlands of the Copper Veil	赤铜帷幕港境
461	AUTO	0	Southern Isles of Stormmere	风暴泽南境诸岛
462	AUTO	0	North Ravaryn	北拉瓦林
463	AUTO	0	Thorn Heath	棘刺石楠原
464	AUTO	0	The Monolith Gate	方尖碑关门
465	AUTO	0	Moon Shore of Pendral	彭德拉尔月辉海岸
466	AUTO	0	North Duskara	北暮迦拉
467	AUTO	0	Ember Pass	烬火关隘
468	AUTO	0	Sacred Shore of Darsenne	达森恩圣辉海岸
469	AUTO	0	Downs of Faelmark	费尔马克丘原
470	AUTO	0	Arvendale's Lowlands	阿文戴尔低地
471	AUTO	0	Amber Shore of Quenovar	昆诺瓦琥珀海岸
472	AUTO	0	Copper Shore of Mireholt	米尔霍特赤铜海岸
473	AUTO	0	Bridge of Umbriel	安布瑞尔长桥
474	AUTO	0	East Harrowmere	东哈洛泽
475	AUTO	0	Spear of Kaeroth	凯洛斯长矛
476	AUTO	0	Sunken Gate of Lark	云雀河沉没关门
477	AUTO	0	Hidden Sanctum March	隐秘圣所边境
478	AUTO	0	PearlWastes	珍珠荒漠
479	AUTO	0	Wyrmholt Coastlands	维姆霍特滨海地
480	AUTO	0	Dusken Shore of Arvendale	阿文戴尔暮色海岸
481	AUTO	0	Ivory Fields of Jadeflow	玉流河象牙原野
482	AUTO	0	BronzeLakes	青铜湖区
483	AUTO	0	Pearl Shore of Harrowmere	哈洛泽珍珠海岸
484	AUTO	0	Crystal Pass of Rimewatch	霜望水晶关隘
485	AUTO	0	Coast of the Western Lantern	西境灯塔海岸
486	AUTO	0	Moss Shore of Quenovar	昆诺瓦苔绿海岸
487	AUTO	0	West Solmara	西索尔玛拉
488	AUTO	0	Thorn Monolith March	棘刺方尖碑边境
489	AUTO	0	Upper Tallow	脂烛河上游
490	AUTO	0	Stormlit Fields of Queensflow	王后河风照原野
491	AUTO	0	Far Shore of Jorvask	约瓦斯克远境海岸
492	AUTO	0	Lion Shore of Solmara	索尔玛拉狮心海岸
493	AUTO	0	Sunken Isles of Wyrmholt	维姆霍特沉没诸岛
494	AUTO	0	East Orrenth	东奥伦斯
495	AUTO	0	Northern Crownlands	北境王畿
496	AUTO	0	Vale of the Dawn Cinder	晨曦余烬谷地
497	AUTO	0	Vaeloria Yarrow Crossing	瓦洛里亚蓍草河渡口
498	AUTO	0	River Cairn March	长河石冢边境
499	AUTO	0	Sacred Crownlands	圣辉王畿
500	AUTO	0	Upper Moonrun	月奔河上游
501	AUTO	0	White Shore of Frostmere	霜泽白石海岸
502	AUTO	0	Deep Shore of Brynmar	布林玛深境海岸
503	AUTO	0	Dawnrun Riverlands	晨奔河河境
504	AUTO	0	Hidden Shore of Gryndor	格林多隐秘海岸
505	AUTO	0	North Umbriel	北安布瑞尔
506	AUTO	0	The Banner Harborlands	战旗港境
507	AUTO	0	AmberWoods	琥珀林地
508	AUTO	0	Orvayne Headwaters	奥瓦恩源流
509	AUTO	0	Green Oath Basin	青野誓言河盆地
510	AUTO	0	Westermere Tallow Crossing	西泽脂烛河渡口
511	AUTO	0	Moonless Gate of Redwater	赤水河无月关门
512	AUTO	0	Eldovar's Harborlands	艾多瓦港境
513	AUTO	0	Wild Shore of Lorenthe	洛伦瑟荒野海岸
514	AUTO	0	The Anvil Fields	铁砧原野
515	AUTO	0	Lunareth Pinewash Crossing	露娜瑞斯松浪河渡口
516	AUTO	0	Jade Pinewash Basin	苍玉松浪河盆地
517	AUTO	0	Hidden Isles of Eldovar	艾多瓦隐秘诸岛
518	AUTO	0	West Jorvask	西约瓦斯克
519	AUTO	0	Moss Isles of Solmara	索尔玛拉苔绿诸岛
520	AUTO	0	Solmara and the Black Hollow	索尔玛拉与黑幽谷
521	AUTO	0	Wyrmholt High March	维姆霍特高地边境
522	AUTO	0	Sunken Crownlands	沉没王畿
523	AUTO	0	Heath of Orrenth	奥伦斯石楠原
524	AUTO	0	Range of Westermere	西泽山脉
525	AUTO	0	Lorenthe Hollow	洛伦瑟幽谷
526	AUTO	0	Silent Isles of Faelmark	费尔马克寂静诸岛
527	AUTO	0	Iron Pass of Solmara	索尔玛拉铁铸关隘
528	AUTO	0	AmberFields	琥珀原野
529	AUTO	0	South Arvendale	南阿文戴尔
530	AUTO	0	Brynmar Headwaters	布林玛源流
531	AUTO	0	The Throne Labyrinth	王座迷原
532	AUTO	0	North Pyrandel	北派兰德尔
533	AUTO	0	Jorvask's March	约瓦斯克边疆
534	AUTO	0	Sable Fields of Veyr	维尔河玄貂原野
535	AUTO	0	Star Fields of Tallow	脂烛河星辰原野
536	AUTO	0	Misty Crownlands	雾隐王畿
537	AUTO	0	West Quenovar	西昆诺瓦
538	AUTO	0	Hidden Cairn March	隐秘石冢边境
539	AUTO	0	Deep Groves	深境圣林
540	AUTO	0	Orvayne Hold	奥瓦恩堡域
541	AUTO	0	Nighthold Gate	夜堡关门
542	AUTO	0	Silver Fields of Lark	云雀河银辉原野
543	AUTO	0	Wind Shore of Stormmere	风暴泽风息海岸
544	AUTO	0	Glacial Gate of Tallow	脂烛河冰川关门
545	AUTO	0	Faelmark High March	费尔马克高地边境
546	AUTO	0	East Ironmere	东铁泽
547	AUTO	0	Gate of the Eastern Forge	东境熔炉关门
548	AUTO	0	Night Fjord	夜幕峡湾
549	AUTO	0	Sapphire Shore of Eldovar	艾多瓦蓝晶海岸
550	AUTO	0	Silver Road March	银辉古道边境
551	AUTO	0	Wild Oracle March	荒野神谕边境
552	AUTO	0	Zephyrion March	泽菲里昂边疆
553	AUTO	0	Frostmere's Forest	霜泽林海
554	AUTO	0	Eastern Crownlands	东境王畿
555	AUTO	0	Dusken Fields of Cairn	石冢河暮色原野
556	AUTO	0	Quenovar High March	昆诺瓦高地边境
557	AUTO	0	Crimson Gate of Greywash	灰浪河绯红关门
558	AUTO	0	Bell of Duskara	暮迦拉钟声
559	AUTO	0	Eldovar Fields	艾多瓦原野
560	AUTO	0	Fells of Goldwyn	戈德温峭原
561	AUTO	0	Lower Yarrow	蓍草河下游
562	AUTO	0	South Halvyr	南哈尔维尔
563	AUTO	0	Pendral's Meadows	彭德拉尔牧野
564	AUTO	0	Raven Spear March	鸦羽长矛边境
565	AUTO	0	Upper Hearth	炉火河上游
566	AUTO	0	Frost Cairn Basin	霜雪石冢河盆地
567	AUTO	0	Thorn Crownlands	棘刺王畿
568	AUTO	0	Downs of the Moss Hearth	苔绿炉心丘原
569	AUTO	0	Zephyrion Headwaters	泽菲里昂源流
570	AUTO	0	Kaeroth's Foothills	凯洛斯山麓
571	AUTO	0	Ravaryn Woods	拉瓦林林地
572	AUTO	0	Upper Veyr	维尔河上游
573	AUTO	0	Eryndor Headwaters	艾林多源流
574	AUTO	0	Estuary of the Northern Bridge	北境长桥入海口
575	AUTO	0	Broken Wolfrun Basin	残垣狼奔河盆地
576	AUTO	0	Crystal Crownlands	水晶王畿
577	AUTO	0	Cedar Isles of Rimewatch	霜望雪松诸岛
578	AUTO	0	Silent Greywash Basin	寂静灰浪河盆地
579	AUTO	0	Night Shore of Cindral	辛德拉尔夜幕海岸
580	AUTO	0	Sacred Harp March	圣辉竖琴边境
581	AUTO	0	River Gate of Elden	古流河长河关门
582	AUTO	0	Salt Cairn Basin	盐风石冢河盆地
583	AUTO	0	High Isles of Orrenth	奥伦斯高原诸岛
584	AUTO	0	Upper Aster	星河上游
585	AUTO	0	Cliffs of the Ivory Harp	象牙竖琴断崖
586	AUTO	0	West Caelwyn	西凯尔温
587	AUTO	0	Golden Gate of Umber	赭影河金辉关门
588	AUTO	0	Lunareth Headwaters	露娜瑞斯源流
589	AUTO	0	Sable Fields of Brindle	斑纹河玄貂原野
590	AUTO	0	Forge of Umbriel	安布瑞尔熔炉
591	AUTO	0	Stone Isles of Westermere	西泽石岩诸岛
592	AUTO	0	Dawn Crownlands	晨曦王畿
593	AUTO	0	Eldovar Badlands	艾多瓦恶地
594	AUTO	0	Citadel of Eryndor	艾林多城塞
595	AUTO	0	Ysilren Silverrun Crossing	伊希伦银奔河渡口
596	AUTO	0	Deep Aster Basin	深境星河盆地
597	AUTO	0	Quenovar Low March	昆诺瓦低地边境
598	AUTO	0	Sable Shore of Duskara	暮迦拉玄貂海岸
599	AUTO	0	Istravel High March	伊斯特拉维尔高地边境
600	AUTO	0	Gryndor Coast	格林多海岸
601	AUTO	0	Wind Gate March	风息城门边境
602	AUTO	0	Amber Fields of Pinewash	松浪河琥珀原野
603	AUTO	0	North Stormmere	北风暴泽
604	AUTO	0	Queensflow Riverlands	王后河河境
605	AUTO	0	West Lorenthe	西洛伦瑟
606	AUTO	0	Amber Gate of Kestrel	隼河琥珀关门
607	AUTO	0	Black Isles of Frostmere	霜泽黑诸岛
608	AUTO	0	Broken Gate of Icerill	冰溪残垣关门
609	AUTO	0	South Mireholt	南米尔霍特
610	AUTO	0	Moon Estuary	月辉入海口
611	AUTO	0	Obsidian Bridge March	黑曜长桥边境
612	AUTO	0	West Valewick	西谷镇
613	AUTO	0	The Ember Range	烬火山脉
614	AUTO	0	The Spire Estuary	尖塔入海口
615	AUTO	0	The Banner Cape	战旗海岬
616	AUTO	0	Ysilren High March	伊希伦高地边境
617	AUTO	0	Brynmar High March	布林玛高地边境
618	AUTO	0	Broken Gate of Moonrun	月奔河残垣关门
619	AUTO	0	Fallow Riverlands	休耕河河境
620	AUTO	0	Hollow Gate of Brindle	斑纹河幽谷关门
621	AUTO	0	Crystal Northwater Basin	水晶北水河盆地
622	AUTO	0	South Vaeloria	南瓦洛里亚
623	AUTO	0	Cairn of Arvendale	阿文戴尔石冢
624	AUTO	0	River Elden Basin	长河古流河盆地
625	AUTO	0	Upper Greywash	灰浪河上游
626	AUTO	0	The Hollow Range	幽谷山脉
627	AUTO	0	Kaeroth Low March	凯洛斯低地边境
628	AUTO	0	Kelmora's Groves	凯尔莫拉圣林
629	AUTO	0	North Istravel	北伊斯特拉维尔
630	AUTO	0	West Westermere	西西泽
631	AUTO	0	Lunareth Coastlands	露娜瑞斯滨海地
632	AUTO	0	Steppe of Thornwell	棘井草原
633	AUTO	0	East Thalvorn	东塔尔沃恩
634	AUTO	0	Frostmere Tallow Crossing	霜泽脂烛河渡口
635	AUTO	0	Dusken Pass of Ravaryn	拉瓦林暮色关隘
636	AUTO	0	Goldwyn Coastlands	戈德温滨海地
637	AUTO	0	Frost Fields of Jadeflow	玉流河霜雪原野
638	AUTO	0	Wyrmholt Greywash Crossing	维姆霍特灰浪河渡口
639	AUTO	0	Sable Gate March	玄貂城门边境
640	AUTO	0	Valewick Headwaters	谷镇源流
641	AUTO	0	Burning Headwaters	燃火源流
642	AUTO	0	Pendral's Watch	彭德拉尔哨境
643	AUTO	0	Eryndor's Steppe	艾林多草原
644	AUTO	0	The Storm Fells	风暴峭原
645	AUTO	0	Eastern Spire March	东境尖塔边境
646	AUTO	0	Redwater Riverlands	赤水河河境
647	AUTO	0	WhiteFells	白石峭原
648	AUTO	0	Maerwyn and the Pearl Crownlands	梅尔温与珍珠王畿
649	AUTO	0	Hold of the Cedar Crown	雪松王冠堡域
650	AUTO	0	Moonless Gate of Umber	赭影河无月关门
651	AUTO	0	The Sacred Forest	圣辉林海
652	AUTO	0	Frostmere Low March	霜泽低地边境
653	AUTO	0	Sapphire Estuary	蓝晶入海口
654	AUTO	0	Greywash Estuary	灰浪河入海口
655	AUTO	0	Umbriel Headwaters	安布瑞尔源流
656	AUTO	0	The Forge Groves	熔炉圣林
657	AUTO	0	Storm Fields of Dawnrun	晨奔河风暴原野
658	AUTO	0	Zareth and the Wild Woods	扎瑞斯与荒野林地
659	AUTO	0	Silent Pass of Vaeloria	瓦洛里亚寂静关隘
660	AUTO	0	Ashen Queensflow Basin	灰烬王后河盆地
661	AUTO	0	West Ravaryn	西拉瓦林
662	AUTO	0	Bright Throne March	明光王座边境
663	AUTO	0	North Rimewatch	北霜望
664	AUTO	0	Gilded Shore of Quenovar	昆诺瓦鎏金海岸
665	AUTO	0	Upper Jadeflow	玉流河上游
666	AUTO	0	Black Crownlands	黑王畿
667	AUTO	0	South Frostmere	南霜泽
668	AUTO	0	East Norvayne	东诺瓦恩
669	AUTO	0	Green Pass of Nighthold	夜堡青野关隘
670	AUTO	0	Star Ridge	星辰山脊
671	AUTO	0	Pearl Gate March	珍珠城门边境
672	AUTO	0	South Lorenthe	南洛伦瑟
673	AUTO	0	Monolith of Caelwyn	凯尔温方尖碑
674	AUTO	0	Amber Isles of Arvendale	阿文戴尔琥珀诸岛
675	AUTO	0	Azure Shore of Cindral	辛德拉尔苍蓝海岸
676	AUTO	0	North Thornwell	北棘井
677	AUTO	0	Lower Cairn	石冢河下游
678	AUTO	0	Quenovar's Isles	昆诺瓦诸岛
679	AUTO	0	Quenovar's Strait	昆诺瓦海峡
680	AUTO	0	Range of the Silver Cairn	银辉石冢山脉
681	AUTO	0	Heath of Faelmark	费尔马克石楠原
682	AUTO	0	Arvendale Low March	阿文戴尔低地边境
683	AUTO	0	Golden Lark Basin	金辉云雀河盆地
684	AUTO	0	Dragon Fields of Kestrel	隼河龙脊原野
685	AUTO	0	Avaron Hold	阿瓦隆堡域
686	AUTO	0	Pyrandel Watch	派兰德尔哨境
687	AUTO	0	Goldwyn Shore	戈德温岸地
688	AUTO	0	Alder Fields of Redwater	赤水河桤木原野
689	AUTO	0	Fallow Estuary	休耕河入海口
690	AUTO	0	North Mireholt	北米尔霍特
691	AUTO	0	Elder Fields of Fallow	休耕河古老原野
692	AUTO	0	Burning Shore of Eryndor	艾林多燃火海岸
693	AUTO	0	Istravel's Pass	伊斯特拉维尔关隘
694	AUTO	0	Emerald Cairn March	翡翠石冢边境
695	AUTO	0	Veyr Riverlands	维尔河河境
696	AUTO	0	South Eldovar	南艾多瓦
697	AUTO	0	Ashen Crownlands	灰烬王畿
698	AUTO	0	Storm Gate of Moonrun	月奔河风暴关门
699	AUTO	0	North Caelwyn	北凯尔温
700	AUTO	0	Wind Gate of Fallow	休耕河风息关门
701	AUTO	0	West Kelmora	西凯尔莫拉
702	AUTO	0	The Dragon Harborlands	龙脊港境
703	AUTO	0	Deep Crownlands	深境王畿
704	AUTO	0	Maerwyn Low March	梅尔温低地边境
705	AUTO	0	East Nighthold	东夜堡
706	AUTO	0	Goldwyn Causeway	戈德温堤道
707	AUTO	0	Zephyrion Coast	泽菲里昂海岸
708	AUTO	0	RoseFen	蔷薇沼泽
709	AUTO	0	The Snow Causeway	雪原堤道
710	AUTO	0	Coast of Arvendale	阿文戴尔海岸
711	AUTO	0	Istravel Low March	伊斯特拉维尔低地边境
712	AUTO	0	Ashen Isles of Nighthold	夜堡灰烬诸岛
713	AUTO	0	Silver Isles of Lorenthe	洛伦瑟银辉诸岛
714	AUTO	0	Glacial Isles of Vaeloria	瓦洛里亚冰川诸岛
715	AUTO	0	Umber Estuary	赭影河入海口
716	AUTO	0	Zephyrion Barrens	泽菲里昂荒土
717	AUTO	0	Emerald Crownlands	翡翠王畿
718	AUTO	0	Far Anvil March	远境铁砧边境
719	AUTO	0	AshenDowns	灰烬丘原
720	AUTO	0	The Garden Range	庭园山脉
721	AUTO	0	Sunken Shore of Valewick	谷镇沉没海岸
722	AUTO	0	Basin of the Amber Covenant	琥珀盟誓盆地
723	AUTO	0	Hollow Isles of Valewick	谷镇幽谷诸岛
724	AUTO	0	Iron Crownlands	铁铸王畿
725	AUTO	0	Far Beacon March	远境烽塔边境
726	AUTO	0	North Norvayne	北诺瓦恩
727	AUTO	0	South Solmara	南索尔玛拉
728	AUTO	0	Silent Crownlands	寂静王畿
729	AUTO	0	Faelmark's Isles	费尔马克诸岛
730	AUTO	0	Fields of Orrenth	奥伦斯原野
731	AUTO	0	East Ysilren	东伊希伦
732	AUTO	0	The Cinder Steppe	余烬草原
733	AUTO	0	Thalvorn's Terraces	塔尔沃恩梯原
734	AUTO	0	Crystal Forge March	水晶熔炉边境
735	AUTO	0	Northern Fields of Tallow	脂烛河北境原野
736	AUTO	0	Coast of the Snow Cairn	雪原石冢海岸
737	AUTO	0	Lion Dawnrun Basin	狮心晨奔河盆地
738	AUTO	0	Faelmark and the Sapphire Headwaters	费尔马克与蓝晶源流
739	AUTO	0	Green Northwater Basin	青野北水河盆地
740	AUTO	0	West Halvyr	西哈尔维尔
741	AUTO	0	Thalvorn Forest	塔尔沃恩林海
742	AUTO	0	Hollow Spear March	幽谷长矛边境
743	AUTO	0	Amber Shore of Brynmar	布林玛琥珀海岸
744	AUTO	0	Eryndor Low March	艾林多低地边境
745	AUTO	0	Harrowmere's Cliffs	哈洛泽断崖
746	AUTO	0	The Wolf Fields	狼牙原野
747	AUTO	0	Lower Northwater	北水河下游
748	AUTO	0	Silverrun Riverlands	银奔河河境
749	AUTO	0	South Umbriel	南安布瑞尔
750	AUTO	0	The Gate Woods	城门林地
751	AUTO	0	ThornMeadows	棘刺牧野
752	AUTO	0	Lorenthe and the Jade Fells	洛伦瑟与苍玉峭原
753	AUTO	0	Zephyrion Strait	泽菲里昂海峡
754	AUTO	0	Blue Isles of Thornwell	棘井碧蓝诸岛
755	AUTO	0	High Crownlands	高原王畿
756	AUTO	0	Stormmere Highlands	风暴泽高地
757	AUTO	0	North Lunareth	北露娜瑞斯
758	AUTO	0	Pass of the Grey Bell	灰岩钟声关隘
759	AUTO	0	Valewick High March	谷镇高地边境
760	AUTO	0	Verdant Isles of Orvayne	奥瓦恩苍翠诸岛
761	AUTO	0	Thornwell Elden Crossing	棘井古流河渡口
762	AUTO	0	East Caelwyn	东凯尔温
763	AUTO	0	Western Crownlands	西境王畿
764	AUTO	0	Misty Gate of Umber	赭影河雾隐关门
765	AUTO	0	Jade Headwaters	苍玉源流
766	AUTO	0	Sun Fields of Dawnrun	晨奔河日耀原野
767	AUTO	0	Lunareth's Riverlands	露娜瑞斯河境
768	AUTO	0	Goldwyn's Fjord	戈德温峡湾
769	AUTO	0	Greywash Riverlands	灰浪河河境
770	AUTO	0	Orvayne's Watch	奥瓦恩哨境
771	AUTO	0	Far Fields of Yarrow	蓍草河远境原野
772	AUTO	0	West Thalvorn	西塔尔沃恩
773	AUTO	0	Red Gate of Oath	誓言河赤红关门
774	AUTO	0	West Rimewatch	西霜望
775	AUTO	0	Valewick's Reach	谷镇远境
776	AUTO	0	Western Isles of Harrowmere	哈洛泽西境诸岛
777	AUTO	0	Pinewash Riverlands	松浪河河境
778	AUTO	0	The Crown Gate	王冠关门
779	AUTO	0	Western Gate of Redwater	赤水河西境关门
780	AUTO	0	The Elder Cliffs	古老断崖
781	AUTO	0	Lion Shore of Ysilren	伊希伦狮心海岸
782	AUTO	0	East Lunareth	东露娜瑞斯
783	AUTO	0	Garden of Pyrandel	派兰德尔庭园
784	AUTO	0	West Eldovar	西艾多瓦
785	AUTO	0	Obsidian Estuary	黑曜入海口
786	AUTO	0	The Cinder Moor	余烬荒原
787	AUTO	0	Jade Pass of Quenovar	昆诺瓦苍玉关隘
788	AUTO	0	Salt Pass of Orvayne	奥瓦恩盐风关隘
789	AUTO	0	Barrens of Rimewatch	霜望荒土
790	AUTO	0	Western Fields of Redwater	赤水河西境原野
791	AUTO	0	Eastern Wolfrun Basin	东境狼奔河盆地
792	AUTO	0	StonePass	石岩关隘
793	AUTO	0	Jorvask Coastlands	约瓦斯克滨海地
794	AUTO	0	Moss Fields of Silverrun	银奔河苔绿原野
795	AUTO	0	Road of Norvayne	诺瓦恩古道
796	AUTO	0	Umber Riverlands	赭影河河境
797	AUTO	0	Jorvask's Ridge	约瓦斯克山脊
798	AUTO	0	Arvendale's Vale	阿文戴尔谷地
799	AUTO	0	North Maerwyn	北梅尔温
800	AUTO	0	Red Shore of Ysilren	伊希伦赤红海岸
801	AUTO	0	WesternBarrens	西境荒土
802	AUTO	0	Iron Shore of Orvayne	奥瓦恩铁铸海岸
803	AUTO	0	Elder Fields of Dawnrun	晨奔河古老原野
804	AUTO	0	The Forge Watch	熔炉哨境
805	AUTO	0	Iron Oasis	铁铸绿洲
806	AUTO	0	Pinewash Estuary	松浪河入海口
807	AUTO	0	Green Isles of Orvayne	奥瓦恩青野诸岛
808	AUTO	0	Citadel of Ironmere	铁泽城塞
809	AUTO	0	Maerwyn's Steppe	梅尔温草原
810	AUTO	0	Ironmere Headwaters	铁泽源流
811	AUTO	0	Forest of the Ebon Road	乌曜古道林海
812	AUTO	0	Throne of Umbriel	安布瑞尔王座
813	AUTO	0	The Frost Lowlands	霜雪低地
814	AUTO	0	Quenovar Delta	昆诺瓦河口
815	AUTO	0	Brynmar Springs	布林玛泉乡
816	AUTO	0	Obsidian Causeway	黑曜堤道
817	AUTO	0	RedHarborlands	赤红港境
818	AUTO	0	Azure Pass of Cindral	辛德拉尔苍蓝关隘
819	AUTO	0	Thalvorn Headwaters	塔尔沃恩源流
820	AUTO	0	Azure Harborlands	苍蓝港境
821	AUTO	0	Wyrmholt Brindle Crossing	维姆霍特斑纹河渡口
822	AUTO	0	Lower Redwater	赤水河下游
823	AUTO	0	Far Isles of Orvayne	奥瓦恩远境诸岛
824	AUTO	0	Elder Shore of Frostmere	霜泽古老海岸
825	AUTO	0	Valewick's Range	谷镇山脉
826	AUTO	0	Cindral's Reach	辛德拉尔远境
827	AUTO	0	Crimson Isles of Zephyrion	泽菲里昂绯红诸岛
828	AUTO	0	BrightVale	明光谷地
829	AUTO	0	The Bell Estuary	钟声入海口
830	AUTO	0	Lunareth Veyr Crossing	露娜瑞斯维尔河渡口
831	AUTO	0	Ironmere Oath Crossing	铁泽誓言河渡口
832	AUTO	0	Bronze Shore of Ravaryn	拉瓦林青铜海岸
833	AUTO	0	CopperBadlands	赤铜恶地
834	AUTO	0	Estuary of Jorvask	约瓦斯克入海口
835	AUTO	0	Sacred Isles of Istravel	伊斯特拉维尔圣辉诸岛
836	AUTO	0	Solmara High March	索尔玛拉高地边境
837	AUTO	0	Thornwell's Reach	棘井远境
838	AUTO	0	WhiteFjord	白石峡湾
839	AUTO	0	Sanctum of Zephyrion	泽菲里昂圣所
840	AUTO	0	Goldwyn Headwaters	戈德温源流
841	AUTO	0	Reach of the Black Cairn	黑石冢远境
842	AUTO	0	Crownlands of the River Anvil	长河铁砧王畿
843	AUTO	0	Ashen Isles of Thalvorn	塔尔沃恩灰烬诸岛
844	AUTO	0	Road of Valewick	谷镇古道
845	AUTO	0	Rimewatch Low March	霜望低地边境
846	AUTO	0	Wolf Isles of Orvayne	奥瓦恩狼牙诸岛
847	AUTO	0	Monolith of Jorvask	约瓦斯克方尖碑
848	AUTO	0	Far Badlands	远境恶地
849	AUTO	0	Copper Shore of Ysilren	伊希伦赤铜海岸
850	AUTO	0	Jade Gate of Moonrun	月奔河苍玉关门
851	AUTO	0	Rose Gate of Pinewash	松浪河蔷薇关门
852	AUTO	0	Istravel Veyr Crossing	伊斯特拉维尔维尔河渡口
853	AUTO	0	Aster Estuary	星河入海口
854	AUTO	0	Fields of Halvyr	哈尔维尔原野
855	AUTO	0	Far Fields of Silverrun	银奔河远境原野
856	AUTO	0	Goldwyn Umber Crossing	戈德温赭影河渡口
857	AUTO	0	Silver Isles of Cindral	辛德拉尔银辉诸岛
858	AUTO	0	Yarrow Riverlands	蓍草河河境
859	AUTO	0	SacredFjord	圣辉峡湾
860	AUTO	0	Citadel of Mireholt	米尔霍特城塞
861	AUTO	0	Upper Brindle	斑纹河上游
862	AUTO	0	Brindle Estuary	斑纹河入海口
863	AUTO	0	East Eryndor	东艾林多
864	AUTO	0	Iron Redwater Basin	铁铸赤水河盆地
865	AUTO	0	East Cindral	东辛德拉尔
866	AUTO	0	Wolf Isles of Ysilren	伊希伦狼牙诸岛
867	AUTO	0	West Avaron	西阿瓦隆
868	AUTO	0	Jorvask's Causeway	约瓦斯克堤道
869	AUTO	0	Gryndor and the Wild Reach	格林多与荒野远境
870	AUTO	0	Nighthold and the White Causeway	夜堡与白石堤道
871	AUTO	0	Hearth of Brynmar	布林玛炉心
872	AUTO	0	Dragon Shore of Eldovar	艾多瓦龙脊海岸
873	AUTO	0	The Bell Delta	钟声河口
874	AUTO	0	Caelwyn Low March	凯尔温低地边境
875	AUTO	0	Iron Isles of Eryndor	艾林多铁铸诸岛
876	AUTO	0	Pearl Cinder March	珍珠余烬边境
877	AUTO	0	Moonrun Riverlands	月奔河河境
878	AUTO	0	Dawn Fields of Fallow	休耕河晨曦原野
879	AUTO	0	Ember Crownlands	烬火王畿
880	AUTO	0	Gryndor Meadows	格林多牧野
881	AUTO	0	Storm Sanctum March	风暴圣所边境
882	AUTO	0	Deep Lakes	深境湖区
883	AUTO	0	Goldwyn and the Azure Forest	戈德温与苍蓝林海
884	AUTO	0	Lower Lark	云雀河下游
885	AUTO	0	Mireholt High March	米尔霍特高地边境
886	AUTO	0	Zephyrion High March	泽菲里昂高地边境
887	AUTO	0	Riverlands of Frostmere	霜泽河境
888	AUTO	0	Shadow Pinewash Basin	幽影松浪河盆地
889	AUTO	0	Brynmar Elden Crossing	布林玛古流河渡口
890	AUTO	0	Pearl Shore of Thornwell	棘井珍珠海岸
891	AUTO	0	West Vaeloria	西瓦洛里亚
892	AUTO	0	Hidden Shore of Thalvorn	塔尔沃恩隐秘海岸
893	AUTO	0	Cindral's Cape	辛德拉尔海岬
894	AUTO	0	Copper Reach	赤铜远境
895	AUTO	0	Caelwyn and the Jade Fields	凯尔温与苍玉原野
896	AUTO	0	Raven Isles of Orrenth	奥伦斯鸦羽诸岛
897	AUTO	0	MoonlessFells	无月峭原
898	AUTO	0	Snow Fields of Redwater	赤水河雪原原野
899	AUTO	0	Bronze Isles of Brynmar	布林玛青铜诸岛
900	AUTO	0	Bronze Hold	青铜堡域
901	AUTO	0	Upper Silverrun	银奔河上游
902	AUTO	0	Pendral Low March	彭德拉尔低地边境
903	AUTO	0	SilentHollow	寂静幽谷
904	AUTO	0	The Bright Ridge	明光山脊
905	AUTO	0	Springs of the Sacred Bridge	圣辉长桥泉乡
906	AUTO	0	Shadow Crownlands	幽影王畿
907	AUTO	0	Silent Pass of Pendral	彭德拉尔寂静关隘
908	AUTO	0	Sacred Shore of Thornwell	棘井圣辉海岸
909	AUTO	0	Lower Queensflow	王后河下游
910	AUTO	0	Kelmora and the Ivory Headwaters	凯尔莫拉与象牙源流
911	AUTO	0	The Shadow Reach	幽影远境
912	AUTO	0	Deep Pass of Stormmere	风暴泽深境关隘
913	AUTO	0	Alder Ridge	桤木山脊
914	AUTO	0	Amber Shore of Eldovar	艾多瓦琥珀海岸
915	AUTO	0	Norvayne Coastlands	诺瓦恩滨海地
916	AUTO	0	West Stormmere	西风暴泽
917	AUTO	0	Obsidian Isles of Duskara	暮迦拉黑曜诸岛
918	AUTO	0	Emerald Pass of Goldwyn	戈德温翡翠关隘
919	AUTO	0	StoneGate	石岩关门
920	AUTO	0	Vaeloria Crownlands	瓦洛里亚王畿
921	AUTO	0	Azure Gate of Queensflow	王后河苍蓝关门
922	AUTO	0	Northern Aster Basin	北境星河盆地
923	AUTO	0	Highlands of Norvayne	诺瓦恩高地
924	AUTO	0	Grey Fields	灰岩原野
925	AUTO	0	Estuary of Halvyr	哈尔维尔入海口
926	AUTO	0	Istravel and the Black Fjord	伊斯特拉维尔与黑峡湾
927	AUTO	0	Kelmora Lowlands	凯尔莫拉低地
928	AUTO	0	WesternFells	西境峭原
929	AUTO	0	Ember Fields of Greywash	灰浪河烬火原野
930	AUTO	0	The Ivory Watch	象牙哨境
931	AUTO	0	Crimson Redwater Basin	绯红赤水河盆地
932	AUTO	0	Glacial Shore of Thornwell	棘井冰川海岸
933	AUTO	0	Golden Pass of Nighthold	夜堡金辉关隘
934	AUTO	0	NorthernCoast	北境海岸
935	AUTO	0	The Bridge Range	长桥山脉
936	AUTO	0	CrimsonLowlands	绯红低地
937	AUTO	0	West Harrowmere	西哈洛泽
938	AUTO	0	Jade Isles of Solmara	索尔玛拉苍玉诸岛
939	AUTO	0	Stone Queensflow Basin	石岩王后河盆地
940	AUTO	0	West Wyrmholt	西维姆霍特
941	AUTO	0	Caelwyn Headwaters	凯尔温源流
942	AUTO	0	The Veil Fen	帷幕沼泽
943	AUTO	0	Amber Pass of Goldwyn	戈德温琥珀关隘
944	AUTO	0	Zephyrion Range	泽菲里昂山脉
945	AUTO	0	East Rimewatch	东霜望
946	AUTO	0	Upper Dawnrun	晨奔河上游
947	AUTO	0	Jorvask and the Verdant Vale	约瓦斯克与苍翠谷地
948	AUTO	0	Norvayne High March	诺瓦恩高地边境
949	AUTO	0	Hidden Wolfrun Basin	隐秘狼奔河盆地
950	AUTO	0	Amber Fields of Queensflow	王后河琥珀原野
951	AUTO	0	Cape of the Moonless Bell	无月钟声海岬
952	AUTO	0	GoldenRiverlands	金辉河境
953	AUTO	0	Duskara's Estuary	暮迦拉入海口
954	AUTO	0	Wolf Shore of Arvendale	阿文戴尔狼牙海岸
955	AUTO	0	River Brindle Basin	长河斑纹河盆地
956	AUTO	0	Copper Shore of Jorvask	约瓦斯克赤铜海岸
957	AUTO	0	Frostmere Barrens	霜泽荒土
958	AUTO	0	Faelmark Coastlands	费尔马克滨海地
959	AUTO	0	Maerwyn High March	梅尔温高地边境
960	AUTO	0	Shadow Gate of Hearth	炉火河幽影关门
961	AUTO	0	The Spire Terraces	尖塔梯原
962	AUTO	0	Ember Gate of Queensflow	王后河烬火关门
963	AUTO	0	North Harrowmere	北哈洛泽
964	AUTO	0	The Bronze Meadows	青铜牧野
965	AUTO	0	Faelmark Basin	费尔马克盆地
966	AUTO	0	Rose Queensflow Basin	蔷薇王后河盆地
967	AUTO	0	Shore of the Bright Anvil	明光铁砧岸地
968	AUTO	0	Sable March	玄貂边疆
969	AUTO	0	Stormmere Coastlands	风暴泽滨海地
970	AUTO	0	Ashen Lantern March	灰烬灯塔边境
971	AUTO	0	Wyrmholt's Moor	维姆霍特荒原
972	AUTO	0	Oath Estuary	誓言河入海口
973	AUTO	0	Dusken Fields of Greywash	灰浪河暮色原野
974	AUTO	0	East Zephyrion	东泽菲里昂
975	AUTO	0	Glacial Isles of Ironmere	铁泽冰川诸岛
976	AUTO	0	Golden Fields of Queensflow	王后河金辉原野
977	AUTO	0	Sanctuary of the Storm Bridge	风暴长桥圣域
978	AUTO	0	Dragon Zephyr Basin	龙脊西风河盆地
979	AUTO	0	Moonless Brindle Basin	无月斑纹河盆地
980	AUTO	0	Crimson Pass of Eldovar	艾多瓦绯红关隘
981	AUTO	0	Red Yarrow Basin	赤红蓍草河盆地
982	AUTO	0	CopperMarch	赤铜边疆
983	AUTO	0	South Wyrmholt	南维姆霍特
984	AUTO	0	Stone Fen	石岩沼泽
985	AUTO	0	River Pass of Wyrmholt	维姆霍特长河关隘
986	AUTO	0	Nighthold Low March	夜堡低地边境
987	AUTO	0	Faelmark's Woods	费尔马克林地
988	AUTO	0	Stormlit Forge March	风照熔炉边境
989	AUTO	0	Norvayne's March	诺瓦恩边疆
990	AUTO	0	Harrowmere Low March	哈洛泽低地边境
991	AUTO	0	Lower Fallow	休耕河下游
992	AUTO	0	PearlBasin	珍珠盆地
993	AUTO	0	Hollow Gate	幽谷关门
994	AUTO	0	Pearl Shore of Umbriel	安布瑞尔珍珠海岸
995	AUTO	0	West Pyrandel	西派兰德尔
996	AUTO	0	Black Pass of Cindral	辛德拉尔黑关隘
997	AUTO	0	Quenovar Headwaters	昆诺瓦源流
998	AUTO	0	South Goldwyn	南戈德温
999	AUTO	0	Isles of Frostmere	霜泽诸岛
